<?xml version="1.0" encoding="UTF-8"?>
<beans:beans xmlns="http://www.springframework.org/schema/mvc"
   xmlns:xsi="http://www.w3.org/2001/XMLSchema-instance"
   xmlns:beans="http://www.springframework.org/schema/beans"
   xmlns:context="http://www.springframework.org/schema/context"
   xmlns:tx="http://www.springframework.org/schema/tx"
   xmlns:aop="http://www.springframework.org/schema/aop"
   xsi:schemaLocation="http://www.springframework.org/schema/mvc https://www.springframework.org/schema/mvc/spring-mvc.xsd
      http://www.springframework.org/schema/beans https://www.springframework.org/schema/beans/spring-beans.xsd
      http://www.springframework.org/schema/context https://www.springframework.org/schema/context/spring-context.xsd
      http://www.springframework.org/schema/aop http://www.springframework.org/schema/aop/spring-aop-4.3.xsd
      http://www.springframework.org/schema/tx http://www.springframework.org/schema/tx/spring-tx-4.3.xsd">

	<!-- DispatcherServlet Context: defines this servlet's request-processing infrastructure -->
   
	<!-- Enables the Spring MVC @Controller programming model -->
	<annotation-driven />
	
	<!-- spring-tx 모듈의 어노테이션 활성화 태그 -->
	<tx:annotation-driven/>   
	
	<!-- @Aspect 어노테이션을 이용한 AOP객체 관리 활성화 태그 -->
	<aop:aspectj-autoproxy />
   
	<!-- 인터셉터 설정 -->
	<interceptors>
		<interceptor>
			<mapping path="/mypage/**"/>
			<exclude-mapping path="/mypage/main"/>
			<exclude-mapping path="/mypage/fail"/>
			<beans:bean class="web.interceptor.MypageInterceptor" />
		</interceptor>
	</interceptors>
   
   
	<!-- Handles HTTP GET requests for /resources/** by efficiently serving up static resources in the ${webappRoot}/resources directory -->
	<resources mapping="/resources/**" location="/resources/" />
	<resources mapping="/upload/**" location="/upload/" />

	<!-- Resolves views selected for rendering by @Controllers to .jsp resources in the /WEB-INF/views directory -->
	<beans:bean class="org.springframework.web.servlet.view.InternalResourceViewResolver">
		<beans:property name="prefix" value="/WEB-INF/views/" />
		<beans:property name="suffix" value=".jsp" />
		<beans:property name="order" value="1" />
	</beans:bean>
	
	<beans:bean class="org.springframework.web.servlet.view.BeanNameViewResolver">
		<beans:property name="order" value="0" />
	</beans:bean>

	<!--    FileDownloadView 클래스를 스프링 빈으로 등록하기    -->
	<beans:bean id="down" class="web.view.FileDownloadView" />
   
   <!-- JSON 응답용 jsonView 클래스를 스프링 빈으로 등록하기 -->
	<beans:bean id="jsonView" class="org.springframework.web.servlet.view.json.MappingJackson2JsonView"/>   
   
   <!-- 스프링 컴포넌트 탐색 패키지 -->
   <context:component-scan base-package="**.controller, **.service, web.aop" />

   <!-- 파일업로드(multipart/form-data)를 처리하는 스프링 빈 -->   
   <beans:bean id="multipartResolver" class="org.springframework.web.multipart.commons.CommonsMultipartResolver">
      <!-- 메모리에서 임시 파일을 처리할 수 있는 최대 사이즈 : 1MB -->
      <beans:property name="maxInMemorySize" value="1048576"/>
      <!-- 파일 업로드 최대 허용 사이즈 : 10MB -->
      <beans:property name="maxUploadSize" value="10485760"/>
      <!-- 업로드된 파일 하나 당 사이즈 제한 : 5MB -->
      <beans:property name="maxUploadSizePerFile" value="5242880"/>
   </beans:bean>
   
</beans:beans>
